{
  "Comment": "Image-Classification",
  "StartAt": "serializeImageData",
  "States": {
    "serializeImageData": {
      "Type": "Task",
      "Resource": "arn:aws:states:::lambda:invoke",
      "OutputPath": "$.Payload",
      "Parameters": {
        "Payload.$": "$",
        "FunctionName": "arn:aws:lambda:us-east-1:078670541615:function:serializeImageData:$LATEST"
      },
      "Retry": [
        {
          "ErrorEquals": [
            "Lambda.ServiceException",
            "Lambda.AWSLambdaException",
            "Lambda.SdkClientException",
            "Lambda.TooManyRequestsException"
          ],
          "IntervalSeconds": 2,
          "MaxAttempts": 6,
          "BackoffRate": 2
        }
      ],
      "Next": "ClassifyImageData"
    },
    "ClassifyImageData": {
      "Type": "Task",
      "Resource": "arn:aws:states:::lambda:invoke",
      "OutputPath": "$.Payload",
      "Parameters": {
        "Payload.$": "$",
        "FunctionName": "arn:aws:lambda:us-east-1:078670541615:function:ImageClassification:$LATEST"
      },
      "Retry": [
        {
          "ErrorEquals": [
            "Lambda.ServiceException",
            "Lambda.AWSLambdaException",
            "Lambda.SdkClientException",
            "Lambda.TooManyRequestsException"
          ],
          "IntervalSeconds": 2,
          "MaxAttempts": 6,
          "BackoffRate": 2
        }
      ],
      "Next": "FilterInferenceResults"
    },
    "FilterInferenceResults": {
      "Type": "Task",
      "Resource": "arn:aws:states:::lambda:invoke",
      "OutputPath": "$.Payload",
      "Parameters": {
        "Payload.$": "$",
        "FunctionName": "arn:aws:lambda:us-east-1:078670541615:function:Filter-confidence-inference:$LATEST"
      },
      "Retry": [
        {
          "ErrorEquals": [
            "Lambda.ServiceException",
            "Lambda.AWSLambdaException",
            "Lambda.SdkClientException",
            "Lambda.TooManyRequestsException"
          ],
          "IntervalSeconds": 2,
          "MaxAttempts": 6,
          "BackoffRate": 2
        }
      ],
      "End": true
    }
  }
}